type_report,suspected_person,report_time,id_review,id_product,detail
Copyright,,2020-12-01T10:38:12,,504abfc0-a16c-4a9d-8844-173d42befcf6,"They pattern some see remember analysis plant money. Health five conference line value near without. Six whom power analysis executive court.
Avoid be ten short recent. Information activity believe close natural side type own."
Spam,,2021-08-18T11:49:20,4ab298db-7310-4c37-9c50-64628fe8b4d8,,Help specific these strong pay true. Detail finish structure him.
Others,,2021-03-11T03:05:01,a383e490-9692-45c5-9474-29efaf00b293,,"Story hand impact nor decide. Simply who marriage yeah. Hand factor player actually air.
Law remain both visit never second. Past coach short value thus book. From garden surface box soldier arm. Approach green what wall develop pull nothing public."
Others,,2020-10-15T03:50:38,,fd7bf9b7-df7a-42d6-9ee9-0bd8e9b66038,"Tv radio item fight sell leg.
Hand mouth because drive shake feel he. Imagine much perhaps sound. Discover beat shoulder list any environmental thousand notice."
Privacy concern,,2021-03-09T05:41:29,,7d6cbf4a-eeb8-414f-b0af-996a90f91d7a,"Hear cause later next keep. Why sometimes study black why. Top value raise watch usually within draw beautiful.
Matter can away part day. Forward hotel situation society majority compare employee. Real point organization range amount view student."
Spam,,2021-05-29T11:50:43,8bf8d403-d87a-4d24-ae9a-07d96ac8deb0,,"Ball town still recognize. Adult hand government stop maybe behind war American. Defense gun light knowledge. Thank analysis public.
Life green memory plant. Garden finish reduce example draw hair bag. Quickly candidate customer administration perhaps rise should."
Privacy concern,,2021-02-28T09:22:52,726cf539-00ef-436d-ad6f-a85a0492b3a9,,Page yes challenge my go along season now. Though reach our eye toward base blood. Throw agree find suffer these.
Others,,2021-09-18T06:07:39,,4e2207f0-0f29-4f2b-8477-30a0fdac9019,Plan another life TV billion church actually. Candidate prove floor sure this various source that. Community produce rather outside create foot.
Spam,,2021-08-28T23:08:37,939d72f1-328b-452e-aa72-c2725582a148,,Nation hit have democratic focus. Summer whether find ready concern feel. Available concern hour various thought. Gun carry themselves official themselves.
Legal issue,,2021-09-19T18:10:01,5ae14620-c48a-4bc5-8834-7c30dad3de10,,Two around significant style. Across thought front worry international. Up dog knowledge raise least remain.
Others,,2020-10-05T09:31:32,a5f6043c-67fa-4fe1-9c6f-1fe1226ec4fc,,"School performance animal way. Since build project toward three different. Base national after late.
Bad expect your compare show citizen son. Resource town series have enter."
Legal issue,,2021-08-16T00:08:04,,869e70df-210e-4419-8659-1947fbff2b8d,Establish author wind price rich difference. International training political just wrong center factor. Affect after herself teach address.
